任务运行时间,是否成功,最后commit,job_id,Output Token Throughput
2026-01-20T16:20:53Z,❌,b6d55fc48e03d024f6092b226025b14bea07675a,60954680028,100.2022
2026-01-21T16:23:50Z,❌,8900e3398b5e9932d0ec6867a0142447599ca9fe,61081200023,111.6958
2026-01-22T16:20:28Z,❌,63d3921208202314c11c06cfb8be1525d413f253,61184691822,109.0446
2026-01-23T16:16:20Z,❌,2dd68652bc211aef872936c1c1e1cb602f6d3097,61335458979,
2026-01-24T16:11:50Z,❌,7799c4ca3be0f6d7541b014a1a4dfbcccb33d8b2,61377633806,
2026-01-25T16:12:51Z,❌,99bdd7363c89b2979c5474009c12a1b3ca769415,61425536065,
2026-01-26T16:19:29Z,❌,9780a995e1cce12d71e1bdf3ba87d7499ece203d,61547030080,
2026-01-27T16:17:13Z,❌,c498cea22d1aeff9ddfa376db728c616e553628a,61666300611,
2026-01-28T16:22:44Z,❌,f0ff2cc22d596f102ddc8dd079141bc941782d63,61787185550,
2026-01-29T16:29:03Z,❌,4970de42420f6504dabf6d70b3cbfa7881021165,61931179522,
2026-01-30T16:23:56Z,❌,4230bc86461e4b879e0b434eaa11cfbd2bf83ef7,62068000229,108.9179
2026-01-31T16:12:38Z,❌,775fbc4cd21718b53a033856822ff9f53b6b28cc,62100420555,108.2137
2026-02-01T16:14:17Z,❌,347eb36a590dfbac0814bd43f20196d96211a6b7,62158297385,109.0269
2026-02-02T16:22:26Z,❌,c1618a04273e967616e40551a86f370e7a76222b,62287064874,
2026-02-03T16:37:46Z,❌,a80e524fbcaf58576ba7bfe56365a4259a24b692,62411197721,
2026-02-04T16:31:33Z,❌,0ead5e8681c4f13c7746d2611268e263f1514ec8,62543756397,
2026-02-05T16:31:47Z,❌,81f3c09d6d46917052fc62759a93bd5a797968ef,62685141447,
2026-02-06T16:29:36Z,❌,c63b7a11888e9e1caeeff8b6c1d66844d99fc24b,62803329456,
2026-02-07T16:14:49Z,❌,e5f0e0eaf78601e1e2a793c4040c359cd5a201f3,62859813383,
2026-02-08T16:15:33Z,❌,e5f0e0eaf78601e1e2a793c4040c359cd5a201f3,62907968671,
2026-02-09T16:45:30Z,❌,905f0764e047dff6ae096149a3015cf9c84aa7d7,63029410152,
2026-02-10T16:50:49Z,❌,02886e2641d7a9679f2e587745a172228b0f7c71,63168735934,
2026-02-11T16:50:13Z,❌,ff3a50d011dcbea08f87ebed69ff1bf156dbb01e,63312393557,
2026-02-12T16:43:06Z,❌,41d056f94716d2ac74b73f26547a109c099e82dd,63462667350,
2026-02-13T16:30:04Z,❌,e2175d9c7e62b437391dfee996b1375674ba7c18,63584416634,
2026-02-15T16:14:23Z,❌,f0caeeadcb37261beebd4a6e32934fa9f460db98,63689223094,
2026-02-16T16:28:35Z,❌,f0caeeadcb37261beebd4a6e32934fa9f460db98,63791187365,
2026-02-17T16:42:05Z,❌,f0caeeadcb37261beebd4a6e32934fa9f460db98,63925129952,
2026-02-18T16:47:22Z,❌,f0caeeadcb37261beebd4a6e32934fa9f460db98,64057342119,
2026-02-19T16:37:27Z,❌,f0caeeadcb37261beebd4a6e32934fa9f460db98,64224430467,
2026-02-20T16:23:29Z,❌,f0caeeadcb37261beebd4a6e32934fa9f460db98,64346041077,
2026-02-21T16:14:14Z,❌,f0caeeadcb37261beebd4a6e32934fa9f460db98,64408858943,
2026-02-22T16:14:35Z,❌,f0caeeadcb37261beebd4a6e32934fa9f460db98,64463445050,
2026-02-23T16:40:23Z,❌,f0caeeadcb37261beebd4a6e32934fa9f460db98,64595949375,
2026-02-24T16:52:08Z,❌,0331f16a50e85a1c57f8a850376babf89201dd22,64759811270,
2026-02-25T16:55:20Z,❌,aa7fb5d7073b70b35445ad87bcc1fbf6aca34df1,64912235684,
2026-02-26T16:42:37Z,❌,ed175d6d92ada7fbb344da7f99d000f644a8cd23,65056838055,
2026-02-27T16:25:57Z,❌,9cd0d6c33d2ef5cb9b6ce20b1ca047e55ab23a12,65209319106,
2026-02-28T16:12:29Z,❌,9d09488b4a5c64ca52987da6f1c0d159e7fe9dae,65268543197,
2026-03-01T16:13:09Z,❌,a77fe932e401c238197b4e33f4e24a56affe9362,65326335134,
2026-03-02T16:29:09Z,❌,15f65649762992b17e10bda2d7f942618a10dfbd,65477960169,
